-- MySQL dump 10.13  Distrib 8.0.23, for Win64 (x86_64)
--
-- Host: localhost    Database: rookie
-- ------------------------------------------------------
-- Server version	8.0.23

/*!40101 SET @OLD_CHARACTER_SET_CLIENT=@@CHARACTER_SET_CLIENT */;
/*!40101 SET @OLD_CHARACTER_SET_RESULTS=@@CHARACTER_SET_RESULTS */;
/*!40101 SET @OLD_COLLATION_CONNECTION=@@COLLATION_CONNECTION */;
/*!50503 SET NAMES utf8mb4 */;
/*!40103 SET @OLD_TIME_ZONE=@@TIME_ZONE */;
/*!40103 SET TIME_ZONE='+00:00' */;
/*!40014 SET @OLD_UNIQUE_CHECKS=@@UNIQUE_CHECKS, UNIQUE_CHECKS=0 */;
/*!40014 SET @OLD_FOREIGN_KEY_CHECKS=@@FOREIGN_KEY_CHECKS, FOREIGN_KEY_CHECKS=0 */;
/*!40101 SET @OLD_SQL_MODE=@@SQL_MODE, SQL_MODE='NO_AUTO_VALUE_ON_ZERO' */;
/*!40111 SET @OLD_SQL_NOTES=@@SQL_NOTES, SQL_NOTES=0 */;

--
-- Table structure for table `address_book`
--

DROP TABLE IF EXISTS `address_book`;
/*!40101 SET @saved_cs_client     = @@character_set_client */;
/*!50503 SET character_set_client = utf8mb4 */;
CREATE TABLE `address_book` (
  `id` bigint NOT NULL COMMENT '主键',
  `user_id` bigint NOT NULL COMMENT '用户id',
  `consignee` varchar(50) CHARACTER SET utf8 COLLATE utf8_bin NOT NULL COMMENT '收货人',
  `sex` tinyint NOT NULL COMMENT '性别 0 女 1 男',
  `phone` varchar(11) CHARACTER SET utf8 COLLATE utf8_bin NOT NULL COMMENT '手机号',
  `province_code` varchar(12) CHARACTER SET utf8mb4 COLLATE utf8mb4_0900_ai_ci DEFAULT NULL COMMENT '省级区划编号',
  `province_name` varchar(32) CHARACTER SET utf8mb4 COLLATE utf8mb4_0900_ai_ci DEFAULT NULL COMMENT '省级名称',
  `city_code` varchar(12) CHARACTER SET utf8mb4 COLLATE utf8mb4_0900_ai_ci DEFAULT NULL COMMENT '市级区划编号',
  `city_name` varchar(32) CHARACTER SET utf8mb4 COLLATE utf8mb4_0900_ai_ci DEFAULT NULL COMMENT '市级名称',
  `district_code` varchar(12) CHARACTER SET utf8mb4 COLLATE utf8mb4_0900_ai_ci DEFAULT NULL COMMENT '区级区划编号',
  `district_name` varchar(32) CHARACTER SET utf8mb4 COLLATE utf8mb4_0900_ai_ci DEFAULT NULL COMMENT '区级名称',
  `detail` varchar(200) CHARACTER SET utf8mb4 COLLATE utf8mb4_0900_ai_ci DEFAULT NULL COMMENT '详细地址',
  `label` varchar(100) CHARACTER SET utf8mb4 COLLATE utf8mb4_0900_ai_ci DEFAULT NULL COMMENT '标签',
  `is_default` tinyint(1) NOT NULL DEFAULT '0' COMMENT '默认 0 否 1是',
  `create_time` datetime NOT NULL COMMENT '创建时间',
  `update_time` datetime NOT NULL COMMENT '更新时间',
  `create_user` bigint NOT NULL COMMENT '创建人',
  `update_user` bigint NOT NULL COMMENT '修改人',
  `is_deleted` int NOT NULL DEFAULT '0' COMMENT '是否删除',
  PRIMARY KEY (`id`) USING BTREE
) ENGINE=InnoDB DEFAULT CHARSET=utf8 COLLATE=utf8_bin COMMENT='地址管理';
/*!40101 SET character_set_client = @saved_cs_client */;

--
-- Dumping data for table `address_book`
--

LOCK TABLES `address_book` WRITE;
/*!40000 ALTER TABLE `address_book` DISABLE KEYS */;
INSERT INTO `address_book` VALUES (1417414526093082626,1417012167126876162,'小明',1,'13812345678',NULL,NULL,NULL,NULL,NULL,NULL,'昌平区金燕龙办公楼','公司',1,'2021-07-20 17:22:12','2021-07-20 17:26:33',1417012167126876162,1417012167126876162,0),(1417414926166769666,1417012167126876162,'小李',1,'13512345678',NULL,NULL,NULL,NULL,NULL,NULL,'测试','家',0,'2021-07-20 17:23:47','2021-07-20 17:23:47',1417012167126876162,1417012167126876162,0),(1564916337056071682,1564906022260133890,'小明',1,'13912345679',NULL,NULL,NULL,NULL,NULL,NULL,'湖南省深圳市','公司',0,'2022-08-31 18:01:44','2022-09-01 18:37:19',1564906022260133890,1564906022260133890,0),(1564916770801631233,1564906022260133890,'小李',0,'15812345678',NULL,NULL,NULL,NULL,NULL,NULL,'湖南省深圳市','家',0,'2022-08-31 18:03:28','2022-09-01 18:37:15',1564906022260133890,1564906022260133890,0),(1565695338112602113,1565695042246397953,'王',1,'15999999999',NULL,NULL,NULL,NULL,NULL,NULL,'石盖塘','公司',1,'2022-09-02 21:37:12','2022-09-02 21:37:15',1565695042246397953,1565695042246397953,0),(1565734704151179266,1565202593174499330,'王',1,'13912345678',NULL,NULL,NULL,NULL,NULL,NULL,'石盖塘','家',1,'2022-09-03 00:13:38','2022-09-03 00:13:40',1565202593174499330,1565202593174499330,0),(1565735906024796162,1564906022260133890,'王',1,'17312345678',NULL,NULL,NULL,NULL,NULL,NULL,'石盖塘','公司',1,'2022-09-03 00:18:25','2022-09-03 12:59:04',1564906022260133890,1564906022260133890,0);
/*!40000 ALTER TABLE `address_book` ENABLE KEYS */;
UNLOCK TABLES;

--
-- Table structure for table `category`
--

DROP TABLE IF EXISTS `category`;
/*!40101 SET @saved_cs_client     = @@character_set_client */;
/*!50503 SET character_set_client = utf8mb4 */;
CREATE TABLE `category` (
  `id` bigint NOT NULL COMMENT '主键',
  `type` int DEFAULT NULL COMMENT '类型   1 菜品分类 2 套餐分类',
  `name` varchar(64) CHARACTER SET utf8 COLLATE utf8_bin NOT NULL COMMENT '分类名称',
  `sort` int NOT NULL DEFAULT '0' COMMENT '顺序',
  `create_time` datetime NOT NULL COMMENT '创建时间',
  `update_time` datetime NOT NULL COMMENT '更新时间',
  `create_user` bigint NOT NULL COMMENT '创建人',
  `update_user` bigint NOT NULL COMMENT '修改人',
  PRIMARY KEY (`id`) USING BTREE,
  UNIQUE KEY `idx_category_name` (`name`)
) ENGINE=InnoDB DEFAULT CHARSET=utf8 COLLATE=utf8_bin COMMENT='菜品及套餐分类';
/*!40101 SET character_set_client = @saved_cs_client */;

--
-- Dumping data for table `category`
--

LOCK TABLES `category` WRITE;
/*!40000 ALTER TABLE `category` DISABLE KEYS */;
INSERT INTO `category` VALUES (1397844263642378242,1,'湘菜',1,'2021-05-27 09:16:58','2022-08-28 22:12:20',1,1563433534862860290),(1397844391040167938,1,'粤菜',3,'2021-05-27 09:17:28','2021-07-09 14:37:13',1,1),(1413341197421846529,1,'饮品',11,'2021-07-09 11:36:15','2021-07-09 14:39:15',1,1),(1413384954989060097,1,'主食',12,'2021-07-09 14:30:07','2021-07-09 14:39:19',1,1),(1413386191767674881,2,'儿童套餐',6,'2021-07-09 14:35:02','2021-07-09 14:39:05',1,1),(1563826664904785922,1,'炒菜',7,'2022-08-28 17:51:46','2022-09-02 20:51:52',1,1),(1563854603012710402,1,'川菜',2,'2022-08-28 19:42:47','2022-08-28 19:42:47',1,1),(1564096350271737858,1,'KFC肯德基宅急送',4,'2022-08-29 11:43:24','2022-09-02 20:37:03',1,1),(1564096702886875138,2,'KFC宅急送限量套餐',5,'2022-08-29 11:44:48','2022-09-02 20:52:19',1,1);
/*!40000 ALTER TABLE `category` ENABLE KEYS */;
UNLOCK TABLES;

--
-- Table structure for table `dish`
--

DROP TABLE IF EXISTS `dish`;
/*!40101 SET @saved_cs_client     = @@character_set_client */;
/*!50503 SET character_set_client = utf8mb4 */;
CREATE TABLE `dish` (
  `id` bigint NOT NULL COMMENT '主键',
  `name` varchar(64) CHARACTER SET utf8 COLLATE utf8_bin NOT NULL COMMENT '菜品名称',
  `category_id` bigint NOT NULL COMMENT '菜品分类id',
  `price` decimal(10,2) DEFAULT NULL COMMENT '菜品价格',
  `code` varchar(64) CHARACTER SET utf8 COLLATE utf8_bin NOT NULL COMMENT '商品码',
  `image` varchar(200) CHARACTER SET utf8 COLLATE utf8_bin NOT NULL COMMENT '图片',
  `description` varchar(400) CHARACTER SET utf8 COLLATE utf8_bin DEFAULT NULL COMMENT '描述信息',
  `status` int NOT NULL DEFAULT '1' COMMENT '0 停售 1 起售',
  `sort` int NOT NULL DEFAULT '0' COMMENT '顺序',
  `create_time` datetime NOT NULL COMMENT '创建时间',
  `update_time` datetime NOT NULL COMMENT '更新时间',
  `create_user` bigint NOT NULL COMMENT '创建人',
  `update_user` bigint NOT NULL COMMENT '修改人',
  `is_deleted` int NOT NULL DEFAULT '0' COMMENT '是否删除',
  PRIMARY KEY (`id`) USING BTREE,
  UNIQUE KEY `idx_dish_name` (`name`)
) ENGINE=InnoDB DEFAULT CHARSET=utf8 COLLATE=utf8_bin COMMENT='菜品管理';
/*!40101 SET character_set_client = @saved_cs_client */;

--
-- Dumping data for table `dish`
--

LOCK TABLES `dish` WRITE;
/*!40000 ALTER TABLE `dish` DISABLE KEYS */;
INSERT INTO `dish` VALUES (1397849739276890114,'辣子鸡',1397844263642378242,7800.00,'222222222','607ef912-04ab-4aaa-8ec8-c26100bb3ae3.jpg','来自鲜嫩美味的小鸡，值得一尝',1,0,'2021-05-27 09:38:43','2022-08-31 21:37:19',1,1,0),(1397850140982161409,'毛氏红烧肉',1397844263642378242,6800.00,'123412341234','c44d8e8c-29de-41b9-8a64-c6ec17e3561e.jpg','毛氏红烧肉毛氏红烧肉，确定不来一份？',1,0,'2021-05-27 09:40:19','2022-08-31 18:34:51',1,1,0),(1397850392090947585,'组庵鱼翅',1397844263642378242,4800.00,'123412341234','7c02bbf4-0cc9-447b-83e6-9627b067b6d5.jpeg','组庵鱼翅，看图足以表明好吃程度',1,0,'2021-05-27 09:41:19','2022-08-31 18:34:42',1,1,0),(1397850851245600769,'霸王别姬',1397844263642378242,12800.00,'123412341234','1f60adb0-67a9-4ad5-a558-061c7fd230aa.jpg','还有什么比霸王别姬更美味的呢？',1,0,'2021-05-27 09:43:08','2022-08-31 18:34:21',1,1,0),(1397851099502260226,'全家福',1397844263642378242,11800.00,'23412341234','155e77d8-237b-4624-abe3-d13ca294bcff.jpg','别光吃肉啦，来份全家福吧，让你长寿又美味',1,0,'2021-05-27 09:44:08','2022-08-31 18:34:11',1,1,0),(1397851370462687234,'邵阳猪血丸子',1397844263642378242,13800.00,'1246812345678','f67902c9-d078-45c0-b8b8-facf822fb1a3.jpg','看，美味不？来嘛来嘛，这才是最爱吖',1,0,'2021-05-27 09:45:12','2022-08-31 18:34:02',1,1,0),(1397851668262465537,'口味蛇',1397844263642378242,16800.00,'1234567812345678','48455a39-6602-4166-874e-7d5f8b97d179.jpg','爬行界的扛把子，东兴-口味蛇，让你欲罢不能',1,0,'2021-05-27 09:46:23','2022-08-31 18:33:44',1,1,0),(1397852391150759938,'辣子鸡丁',1563854603012710402,8800.00,'2346812468','34c3118a-ec5d-43a0-bbdd-40f1dd438f37.jpg','辣子鸡丁，辣子鸡丁，永远的魂',1,0,'2021-05-27 09:49:16','2022-08-31 18:33:24',1,1,0),(1397853183287013378,'麻辣兔头',1563854603012710402,19800.00,'123456787654321','c9f2ef54-df26-476b-8921-bd9056aaed1d.jpg','麻辣兔头的详细制作，麻辣鲜香，色泽红润，回味悠长',1,0,'2021-05-27 09:52:24','2022-08-31 18:32:55',1,1,0),(1397853709101740034,'蒜泥白肉',1397844391040167938,9800.00,'1234321234321','b8922a41-11bb-4aa4-8a5b-48128b65c870.jpg','多么的有食欲啊',1,0,'2021-05-27 09:54:30','2022-08-31 18:32:41',1,1,0),(1397853890262118402,'鱼香肉丝',1563854603012710402,3800.00,'1234212321234','ce5e6e14-e045-49f4-9001-0c4ab3018034.jpg','鱼香肉丝简直就是我们童年回忆的一道经典菜，上学的时候点个鱼香肉丝盖饭坐在宿舍床上看着肥皂剧，绝了！现在完美复刻一下上学的时候感觉',1,0,'2021-05-27 09:55:13','2022-08-31 18:32:16',1,1,0),(1397854652581064706,'麻辣水煮鱼',1563854603012710402,14800.00,'2345312·345321','40b58159-473c-4a66-b0d6-d67c09442ded.jpg','鱼片是买的切好的鱼片，放几个虾，增加味道',1,0,'2021-05-27 09:58:15','2022-08-30 14:25:43',1,1,0),(1397854865672679425,'鱼香炒鸡蛋',1563826664904785922,2000.00,'23456431·23456','788ed192-6cd4-4cab-b900-8f2bafcde293.jpg','鱼香菜也是川味的特色。里面没有鱼却鱼香味',1,0,'2021-05-27 09:59:06','2022-08-31 18:32:03',1,1,0),(1397860242057375745,'脆皮烧鹅',1397844391040167938,12800.00,'123456786543213456','6208f5f6-d78e-45bf-8835-38fd871cd1b1.jpeg','“广东烤鸭美而香，却胜烧鹅说古冈（今新会），燕瘦环肥各佳妙，君休偏重便宜坊”，可见烧鹅与烧鸭在粤菜之中已早负盛名。作为广州最普遍和最受欢迎的烧烤肉食，以它的“色泽金红，皮脆肉嫩，味香可口”的特色，在省城各大街小巷的烧卤店随处可见。',1,0,'2021-05-27 10:20:27','2022-08-31 18:31:44',1,1,0),(1397860578738352129,'白切鸡',1397844391040167938,6600.00,'12345678654','021449e7-df0d-4dd9-9432-1f6b2632b18d.jpeg','白切鸡是一道色香味俱全的特色传统名肴，又叫白斩鸡，是粤菜系鸡肴中的一种，始于清代的民间。白切鸡通常选用细骨农家鸡与沙姜、蒜茸等食材，慢火煮浸白切鸡皮爽肉滑，清淡鲜美。著名的泮溪酒家白切鸡，曾获商业部优质产品金鼎奖。湛江白切鸡更是驰名粤港澳。粤菜厨坛中，鸡的菜式有200余款之多，而最为人常食不厌的正是白切鸡，深受食家青睐。',1,0,'2021-05-27 10:21:48','2022-08-31 18:31:25',1,1,0),(1397860792492666881,'烤乳猪',1397844391040167938,38800.00,'213456432123456','a9903b3a-4503-44b3-bed3-a65cdceb12dd.jpeg','广式烧乳猪主料是小乳猪，辅料是蒜，调料是五香粉、芝麻酱、八角粉等，本菜品主要通过将食材放入炭火中烧烤而成。烤乳猪是广州最著名的特色菜，并且是“满汉全席”中的主打菜肴之一。烤乳猪也是许多年来广东人祭祖的祭品之一，是家家都少不了的应节之物，用乳猪祭完先人后，亲戚们再聚餐食用。',1,0,'2021-05-27 10:22:39','2022-08-31 18:31:07',1,1,0),(1397860963880316929,'脆皮乳鸽',1397844391040167938,10800.00,'1234563212345','d07173f0-50ea-41e5-af10-25d6dd15b8af.jpg','“脆皮乳鸽”是广东菜中的一道传统名菜，属于粤菜系，具有皮脆肉嫩、色泽红亮、鲜香味美的特点，常吃可使身体强健，清肺顺气。随着菜品制作工艺的不断发展，逐渐形成了熟炸法、生炸法和烤制法三种制作方法。无论那种制作方法，都是在鸽子经过一系列的加工，挂脆皮水后再加工而成，正宗的“脆皮乳鸽皮脆肉嫩、色泽红亮、鲜香味美、香气馥郁。这三种方法的制作过程都不算复杂，但想达到理想的效果并不容易。',1,0,'2021-05-27 10:23:19','2022-08-31 18:30:46',1,1,0),(1397861683434139649,'清蒸河鲜海鲜',1397844391040167938,38800.00,'1234567876543213456','cb351ca6-a607-4cbd-8853-918b91f04851.jpg','新鲜的海鲜，清蒸是最好的处理方式。鲜，体会为什么叫海鲜。清蒸是广州最经典的烹饪手法，过去岭南地区由于峻山大岭阻隔，交通不便，经济发展起步慢，自家打的鱼放在锅里煮了就吃，没有太多的讲究，但却发现这清淡的煮法能使鱼的鲜甜跃然舌尖。',1,0,'2021-05-27 10:26:11','2022-08-31 18:30:35',1,1,0),(1397862198033297410,'老火靓汤',1397844391040167938,4980.00,'123456786532455','da01a1a1-092e-47ea-a12d-ced1e2813240.jpg','老火靓汤又称广府汤，是广府人传承数千年的食补养生秘方，慢火煲煮的中华老火靓汤，火候足，时间长，既取药补之效，又取入口之甘甜。 广府老火汤种类繁多，可以用各种汤料和烹调方法，烹制出各种不同口味、不同功效的汤来。',1,0,'2021-05-27 10:28:14','2022-08-30 23:18:27',1,1,0),(1397862477831122945,'上汤焗龙虾',1397844391040167938,108800.00,'1234567865432','e3489d79-52e7-4985-8446-4fbe7da29ed9.jpeg','上汤焗龙虾是一道色香味俱全的传统名菜，属于粤菜系。此菜以龙虾为主料，配以高汤制成的一道海鲜美食。本品肉质洁白细嫩，味道鲜美，蛋白质含量高，脂肪含量低，营养丰富。是色香味俱全的传统名菜。',1,0,'2021-05-27 10:29:20','2022-08-30 22:44:46',1,1,0),(1413342036832100354,'北冰洋',1413341197421846529,500.00,'','3f5e52b5-404b-44d8-9694-bacde92c3f01.png','',1,0,'2021-07-09 11:39:35','2022-08-30 22:44:46',1,1,0),(1413384757047271425,'王老吉',1413341197421846529,300.00,'','4e80f0c1-a9b7-4e85-a5bd-406a091d104f.png','怕上火就喝王老吉！',1,0,'2021-07-09 14:29:20','2022-08-29 21:59:57',1,1,0),(1413385247889891330,'米饭',1413384954989060097,200.00,'','484fc81c-95e4-4ac7-8d5d-72852407abcb.png','香喷喷的大米饭！',1,0,'2021-07-09 14:31:17','2022-08-30 14:25:56',1,1,0),(1564160326150053890,'小龙虾',1563854603012710402,10000.00,'','b120a450-fea3-4b73-ae2a-100ae200316a.jpeg','无',1,0,'2022-08-29 15:57:37','2022-08-29 15:57:37',1,1,0),(1565682203062345730,'吮指原味鸡',1564096350271737858,1300.00,'','1c856311-2359-4adb-9489-d940fc0b5aec.jpg','主要原料:鸡肉，小麦粉。产品及包装以实物为准。',1,0,'2022-09-02 20:45:01','2022-09-02 20:53:02',1,1,0),(1565682735512461314,'新奥尔良烤翅',1564096350271737858,1350.00,'','9cd7fcee-0165-4bfa-94ff-bbed97716682.jpg','',1,0,'2022-09-02 20:47:08','2022-09-02 20:47:08',1,1,0),(1565683397210054657,'黄金脆皮鸡',1564096350271737858,1350.00,'','8ebd724a-393b-4bc7-abeb-37c9ac7b8cc8.jpg','',1,0,'2022-09-02 20:49:46','2022-09-02 20:49:46',1,1,0),(1565684492435103746,'香辣鸡翅',1564096350271737858,1200.00,'','2baa7ae3-fc11-4579-91a7-6b41b6cd86be.jpg','',1,0,'2022-09-02 20:54:07','2022-09-02 20:54:07',1,1,0),(1565684929414471682,'小食拼盘波纹薯',1564096350271737858,5500.00,'','59c60f55-e4b2-41f4-886e-32dba4c009e7.jpg','',1,0,'2022-09-02 20:55:51','2022-09-02 20:55:51',1,1,0),(1565685074017296385,'黄金鸡块(5块)',1564096350271737858,1200.00,'','2e24c233-2663-485c-b907-94623f416274.jpg','',1,0,'2022-09-02 20:56:25','2022-09-02 20:56:25',1,1,0),(1565685199892553730,'波纹薯条',1564096350271737858,1300.00,'','d759c6a7-2025-4f02-b7cf-8f0b2eef9ba2.jpg','',1,0,'2022-09-02 20:56:55','2022-09-02 20:57:09',1,1,0),(1565685488947208193,'香甜粟米棒',1564096350271737858,950.00,'','329fce76-a2d2-4b48-b467-71ba480bd865.jpg','',1,0,'2022-09-02 20:58:04','2022-09-02 20:58:04',1,1,0),(1565685858528305154,'香辣鸡腿堡',1564096350271737858,1950.00,'','f398c3da-793c-4f9e-a977-13c4025c5c4f.jpg','',1,0,'2022-09-02 20:59:32','2022-09-02 20:59:32',1,1,0),(1565685970470084610,'新奥尔良烤鸡腿堡',1564096350271737858,2050.00,'','4963565f-39ae-420f-b58d-b2e27c2150e7.jpg','',1,0,'2022-09-02 20:59:59','2022-09-02 20:59:59',1,1,0),(1565686079861727234,'老北京鸡肉卷',1564096350271737858,1850.00,'','7ae36140-cffc-47f0-85d8-337da4eb1c44.jpg','',1,0,'2022-09-02 21:00:25','2022-09-02 21:00:25',1,1,0),(1565686366198472705,'葡式蛋挞经典6只装',1564096350271737858,4200.00,'','62f58bde-1a48-4a94-878b-511e348c4364.jpg','',1,0,'2022-09-02 21:01:33','2022-09-02 21:01:33',1,1,0),(1565686674710503426,'红豆派',1564096350271737858,700.00,'','3ffc5c9f-1f1d-4a42-ad51-537dcf3d80d5.jpg','',1,0,'2022-09-02 21:02:47','2022-09-02 21:02:47',1,1,0),(1565688141542498305,'川辣嫩牛卷人气餐',1564096350271737858,600.00,'','4ca76e20-b3d9-4ee6-9927-11a874da2877.jpg','川辣嫩牛卷1个+葡式蛋挞（经典）1个+饮料1杯+配餐1份',1,0,'2022-09-02 21:08:37','2022-09-02 21:08:37',1,1,0),(1565688434988589057,'双堡三人餐脆皮鸡可',1564096350271737858,9750.00,'','0f51ad79-e152-419b-8da2-29b6d5e41172.jpg','香辣鸡腿堡1个+新奥尔良烤鸡腿堡1个+老北京鸡肉卷1个+黄金脆皮鸡2块+4块香辣鸡翅+2块新奥尔良烤翅+葡式蛋挞(经典)3个+百事可乐1.25L1瓶',1,0,'2022-09-02 21:09:47','2022-09-02 21:09:47',1,1,0),(1565690994688434178,'百事可乐',1413341197421846529,500.00,'','e6be9f50-7245-4dc0-b0f4-2e7e442bab44.jpg','',1,0,'2022-09-02 21:19:57','2022-09-02 21:19:57',1,1,0),(1565691639671726082,'剁椒鱼头',1397844263642378242,8800.00,'','916ea807-6d24-4b86-9416-97b199d0a1ea.jpg','',1,0,'2022-09-02 21:22:31','2022-09-02 21:22:31',1,1,0),(1565692717792403457,'小炒黄牛肉',1397844263642378242,6800.00,'','676381a2-ad98-400d-b3d1-87d13d9cd60b.jpg','',1,0,'2022-09-02 21:26:48','2022-09-02 21:26:48',1,1,0);
/*!40000 ALTER TABLE `dish` ENABLE KEYS */;
UNLOCK TABLES;

--
-- Table structure for table `dish_flavor`
--

DROP TABLE IF EXISTS `dish_flavor`;
/*!40101 SET @saved_cs_client     = @@character_set_client */;
/*!50503 SET character_set_client = utf8mb4 */;
CREATE TABLE `dish_flavor` (
  `id` bigint NOT NULL COMMENT '主键',
  `dish_id` bigint NOT NULL COMMENT '菜品',
  `name` varchar(64) CHARACTER SET utf8 COLLATE utf8_bin NOT NULL COMMENT '口味名称',
  `value` varchar(500) CHARACTER SET utf8 COLLATE utf8_bin DEFAULT NULL COMMENT '口味数据list',
  `create_time` datetime NOT NULL COMMENT '创建时间',
  `update_time` datetime NOT NULL COMMENT '更新时间',
  `create_user` bigint NOT NULL COMMENT '创建人',
  `update_user` bigint NOT NULL COMMENT '修改人',
  `is_deleted` int NOT NULL DEFAULT '0' COMMENT '是否删除',
  PRIMARY KEY (`id`) USING BTREE
) ENGINE=InnoDB DEFAULT CHARSET=utf8 COLLATE=utf8_bin COMMENT='菜品口味关系表';
/*!40101 SET character_set_client = @saved_cs_client */;

--
-- Dumping data for table `dish_flavor`
--

LOCK TABLES `dish_flavor` WRITE;
/*!40000 ALTER TABLE `dish_flavor` DISABLE KEYS */;
INSERT INTO `dish_flavor` VALUES (1397849417888346113,1397849417854791681,'辣度','[\"不辣\",\"微辣\",\"中辣\",\"重辣\"]','2021-05-27 09:37:27','2021-05-27 09:37:27',1,1,0),(1397849739297861633,1397849739276890114,'忌口','[\"不要葱\",\"不要蒜\",\"不要香菜\",\"不要辣\"]','2022-08-31 21:37:19','2022-08-31 21:37:19',1,1,0),(1397849739323027458,1397849739276890114,'辣度','[\"不辣\",\"微辣\",\"中辣\",\"重辣\"]','2022-08-31 21:37:19','2022-08-31 21:37:19',1,1,0),(1397849936421761025,1397849936404983809,'忌口','[\"不要葱\",\"不要蒜\",\"不要香菜\",\"不要辣\"]','2021-05-27 09:39:30','2021-05-27 09:39:30',1,1,0),(1397849936438538241,1397849936404983809,'辣度','[\"不辣\",\"微辣\",\"中辣\",\"重辣\"]','2021-05-27 09:39:30','2021-05-27 09:39:30',1,1,0),(1397850141015715841,1397850140982161409,'忌口','[\"不要葱\",\"不要蒜\",\"不要香菜\",\"不要辣\"]','2022-08-31 18:34:51','2022-08-31 18:34:51',1,1,0),(1397850141040881665,1397850140982161409,'辣度','[\"不辣\",\"微辣\",\"中辣\",\"重辣\"]','2022-08-31 18:34:51','2022-08-31 18:34:51',1,1,0),(1397850392120307713,1397850392090947585,'辣度','[\"不辣\",\"微辣\",\"中辣\",\"重辣\"]','2022-08-31 18:34:42','2022-08-31 18:34:42',1,1,0),(1397850392137084929,1397850392090947585,'辣度','[\"不辣\",\"微辣\",\"中辣\",\"重辣\"]','2022-08-31 18:34:42','2022-08-31 18:34:42',1,1,0),(1397850630734262274,1397850630700707841,'忌口','[\"不要葱\",\"不要蒜\",\"不要香菜\",\"不要辣\"]','2021-05-27 09:42:16','2021-05-27 09:42:16',1,1,0),(1397850630755233794,1397850630700707841,'辣度','[\"微辣\",\"中辣\",\"重辣\"]','2021-05-27 09:42:16','2021-05-27 09:42:16',1,1,0),(1397850851274960898,1397850851245600769,'忌口','[\"不要蒜\",\"不要香菜\",\"不要辣\"]','2022-08-31 18:34:21','2022-08-31 18:34:21',1,1,0),(1397850851283349505,1397850851245600769,'辣度','[\"不辣\",\"微辣\",\"中辣\",\"重辣\"]','2022-08-31 18:34:21','2022-08-31 18:34:21',1,1,0),(1397851099523231745,1397851099502260226,'忌口','[\"不要葱\",\"不要蒜\",\"不要香菜\",\"不要辣\"]','2022-08-31 18:34:11','2022-08-31 18:34:11',1,1,0),(1397851099527426050,1397851099502260226,'辣度','[\"不辣\",\"微辣\",\"中辣\"]','2022-08-31 18:34:11','2022-08-31 18:34:11',1,1,0),(1397851370483658754,1397851370462687234,'温度','[\"热饮\",\"常温\",\"去冰\",\"少冰\",\"多冰\"]','2022-08-31 18:34:02','2022-08-31 18:34:02',1,1,0),(1397851370483658755,1397851370462687234,'忌口','[\"不要葱\",\"不要蒜\",\"不要香菜\",\"不要辣\"]','2022-08-31 18:34:02','2022-08-31 18:34:02',1,1,0),(1397851370483658756,1397851370462687234,'辣度','[\"不辣\",\"微辣\",\"中辣\",\"重辣\"]','2022-08-31 18:34:02','2022-08-31 18:34:02',1,1,0),(1397851668283437058,1397851668262465537,'温度','[\"热饮\",\"常温\",\"去冰\",\"少冰\",\"多冰\"]','2022-08-31 18:33:44','2022-08-31 18:33:44',1,1,0),(1397852391180120065,1397852391150759938,'忌口','[\"不要葱\",\"不要香菜\",\"不要辣\"]','2022-08-31 18:33:24','2022-08-31 18:33:24',1,1,0),(1397852391196897281,1397852391150759938,'辣度','[\"不辣\",\"微辣\",\"重辣\"]','2022-08-31 18:33:24','2022-08-31 18:33:24',1,1,0),(1397853183307984898,1397853183287013378,'辣度','[\"不辣\",\"微辣\",\"中辣\",\"重辣\"]','2022-08-31 18:32:55','2022-08-31 18:32:55',1,1,0),(1397853423486414850,1397853423461249026,'辣度','[\"不辣\",\"微辣\",\"中辣\",\"重辣\"]','2021-05-27 09:53:22','2021-05-27 09:53:22',1,1,0),(1397853709126905857,1397853709101740034,'忌口','[\"不要葱\",\"不要蒜\",\"不要香菜\",\"不要辣\"]','2022-08-31 18:32:41','2022-08-31 18:32:41',1,1,0),(1397853890283089922,1397853890262118402,'辣度','[\"不辣\",\"微辣\",\"中辣\",\"重辣\"]','2022-08-31 18:32:16','2022-08-31 18:32:16',1,1,0),(1397854133632413697,1397854133603053569,'温度','[\"热饮\",\"常温\",\"去冰\",\"少冰\",\"多冰\"]','2021-05-27 09:56:11','2021-05-27 09:56:11',1,1,0),(1397854652623007745,1397854652581064706,'忌口','[\"不要葱\",\"不要蒜\",\"不要香菜\",\"不要辣\"]','2022-08-29 22:03:48','2022-08-29 22:03:48',1,1,0),(1397854652635590658,1397854652581064706,'辣度','[\"不辣\",\"微辣\",\"中辣\",\"重辣\"]','2022-08-29 22:03:48','2022-08-29 22:03:48',1,1,0),(1397854865735593986,1397854865672679425,'辣度','[\"不辣\",\"微辣\",\"中辣\",\"重辣\"]','2022-08-31 18:32:03','2022-08-31 18:32:03',1,1,0),(1397855742303186946,1397855742273826817,'辣度','[\"不辣\",\"微辣\",\"中辣\",\"重辣\"]','2021-05-27 10:02:35','2021-05-27 10:02:35',1,1,0),(1397855906497605633,1397855906468245506,'忌口','[\"不要葱\",\"不要蒜\",\"不要香菜\",\"不要辣\"]','2021-05-27 10:03:14','2021-05-27 10:03:14',1,1,0),(1397856190573621250,1397856190540066818,'辣度','[\"不辣\",\"微辣\",\"中辣\",\"重辣\"]','2021-05-27 10:04:21','2021-05-27 10:04:21',1,1,0),(1397859056709316609,1397859056684150785,'辣度','[\"不辣\",\"微辣\",\"中辣\",\"重辣\"]','2021-05-27 10:15:45','2021-05-27 10:15:45',1,1,0),(1397859277837217794,1397859277812051969,'辣度','[\"不辣\",\"微辣\",\"中辣\",\"重辣\"]','2021-05-27 10:16:37','2021-05-27 10:16:37',1,1,0),(1397859487502086146,1397859487476920321,'辣度','[\"不辣\",\"微辣\",\"中辣\",\"重辣\"]','2021-05-27 10:17:27','2021-05-27 10:17:27',1,1,0),(1397859757061615618,1397859757036449794,'甜味','[\"无糖\",\"少糖\",\"半躺\",\"多糖\",\"全糖\"]','2021-05-27 10:18:32','2021-05-27 10:18:32',1,1,0),(1397860242086735874,1397860242057375745,'辣度','[\"不辣\",\"微辣\",\"中辣\",\"重辣\"]','2022-08-31 18:31:44','2022-08-31 18:31:44',1,1,0),(1397860963918065665,1397860963880316929,'辣度','[\"不辣\",\"微辣\",\"中辣\",\"重辣\"]','2022-08-31 18:30:46','2022-08-31 18:30:46',1,1,0),(1397861135754506242,1397861135733534722,'甜味','[\"无糖\",\"少糖\",\"半躺\",\"多糖\",\"全糖\"]','2021-05-27 10:24:00','2021-05-27 10:24:00',1,1,0),(1397861370035744769,1397861370010578945,'辣度','[\"不辣\",\"微辣\",\"中辣\",\"重辣\"]','2021-05-27 10:24:56','2021-05-27 10:24:56',1,1,0),(1397861683459305474,1397861683434139649,'忌口','[\"不要葱\",\"不要蒜\",\"不要香菜\",\"不要辣\"]','2022-08-31 18:30:35','2022-08-31 18:30:35',1,1,0),(1397861898467717121,1397861898438356993,'忌口','[\"不要葱\",\"不要蒜\",\"不要香菜\",\"不要辣\"]','2021-05-27 10:27:02','2021-05-27 10:27:02',1,1,0),(1397862198054268929,1397862198033297410,'忌口','[\"不要葱\",\"不要蒜\",\"不要香菜\",\"不要辣\"]','2022-08-30 18:26:56','2022-08-30 18:26:56',1,1,0),(1397862477835317250,1397862477831122945,'辣度','[\"不辣\",\"微辣\",\"中辣\"]','2022-08-29 22:14:37','2022-08-29 22:14:37',1,1,0),(1398089545865015297,1398089545676271617,'温度','[\"热饮\",\"常温\",\"去冰\",\"少冰\",\"多冰\"]','2021-05-28 01:31:38','2021-05-28 01:31:38',1,1,0),(1398089782323097601,1398089782285348866,'辣度','[\"不辣\",\"微辣\",\"中辣\",\"重辣\"]','2021-05-28 01:32:34','2021-05-28 01:32:34',1,1,0),(1398090003262255106,1398090003228700673,'忌口','[\"不要葱\",\"不要蒜\",\"不要香菜\",\"不要辣\"]','2021-05-28 01:33:27','2021-05-28 01:33:27',1,1,0),(1398090264554811394,1398090264517062657,'忌口','[\"不要葱\",\"不要蒜\",\"不要香菜\",\"不要辣\"]','2021-05-28 01:34:29','2021-05-28 01:34:29',1,1,0),(1398090455399837698,1398090455324340225,'辣度','[\"不辣\",\"微辣\",\"中辣\",\"重辣\"]','2021-05-28 01:35:14','2021-05-28 01:35:14',1,1,0),(1398090685449023490,1398090685419663362,'温度','[\"热饮\",\"常温\",\"去冰\",\"少冰\",\"多冰\"]','2021-05-28 01:36:09','2021-05-28 01:36:09',1,1,0),(1398090825358422017,1398090825329061889,'忌口','[\"不要葱\",\"不要蒜\",\"不要香菜\",\"不要辣\"]','2021-05-28 01:36:43','2021-05-28 01:36:43',1,1,0),(1398091007051476993,1398091007017922561,'辣度','[\"不辣\",\"微辣\",\"中辣\",\"重辣\"]','2021-05-28 01:37:26','2021-05-28 01:37:26',1,1,0),(1398091296164851713,1398091296131297281,'辣度','[\"不辣\",\"微辣\",\"中辣\",\"重辣\"]','2021-05-28 01:38:35','2021-05-28 01:38:35',1,1,0),(1398091546531246081,1398091546480914433,'忌口','[\"不要葱\",\"不要蒜\",\"不要香菜\",\"不要辣\"]','2021-05-28 01:39:35','2021-05-28 01:39:35',1,1,0),(1398091729809747969,1398091729788776450,'辣度','[\"不辣\",\"微辣\",\"中辣\",\"重辣\"]','2021-05-28 01:40:18','2021-05-28 01:40:18',1,1,0),(1398091889499484161,1398091889449152513,'辣度','[\"不辣\",\"微辣\",\"中辣\",\"重辣\"]','2021-05-28 01:40:56','2021-05-28 01:40:56',1,1,0),(1398092095179763713,1398092095142014978,'辣度','[\"不辣\",\"微辣\",\"中辣\",\"重辣\"]','2021-05-28 01:41:45','2021-05-28 01:41:45',1,1,0),(1398092283877306370,1398092283847946241,'辣度','[\"不辣\",\"微辣\",\"中辣\",\"重辣\"]','2021-05-28 01:42:30','2021-05-28 01:42:30',1,1,0),(1398094018939236354,1398094018893099009,'辣度','[\"不辣\",\"微辣\",\"中辣\",\"重辣\"]','2021-05-28 01:49:24','2021-05-28 01:49:24',1,1,0),(1398094391494094850,1398094391456346113,'辣度','[\"不辣\",\"微辣\",\"中辣\",\"重辣\"]','2021-05-28 01:50:53','2021-05-28 01:50:53',1,1,0),(1399574026165727233,1399305325713600514,'辣度','[\"不辣\",\"微辣\",\"中辣\",\"重辣\"]','2021-06-01 03:50:25','2021-06-01 03:50:25',1399309715396669441,1399309715396669441,0),(1413389540592263169,1413384757047271425,'温度','[\"常温\",\"冷藏\"]','2022-08-29 21:59:57','2022-08-29 21:59:57',1,1,0),(1413389684020682754,1413342036832100354,'温度','[\"常温\",\"冷藏\"]','2022-08-29 22:01:21','2022-08-29 22:01:21',1,1,0),(1564160544161587202,1564160326150053890,'忌口','[\"不要葱\",\"不要蒜\",\"不要香菜\",\"不要辣\"]','2022-08-29 15:58:29','2022-08-29 15:58:29',1,1,0),(1564160544169975810,1564160326150053890,'辣度','[\"不辣\",\"微辣\",\"中辣\",\"重辣\"]','2022-08-29 15:58:29','2022-08-29 15:58:29',1,1,0),(1564251511636054018,1413384757047271425,'甜味','[\"无糖\",\"少糖\",\"半糖\",\"多糖\",\"全糖\"]','2022-08-29 21:59:57','2022-08-29 21:59:57',1,1,0),(1564255200404819970,1397862477831122945,'忌口','[\"不要葱\",\"不要蒜\",\"不要香菜\",\"不要辣\"]','2022-08-29 22:14:37','2022-08-29 22:14:37',1,1,0),(1564924127120134145,1397853709101740034,'辣度','[\"不辣\",\"微辣\",\"中辣\",\"重辣\"]','2022-08-31 18:32:41','2022-08-31 18:32:41',1,1,0),(1564970512687226882,1397849739276890114,'温度','[\"热饮\",\"常温\",\"去冰\",\"少冰\",\"多冰\"]','2022-08-31 21:37:19','2022-08-31 21:37:19',1,1,0),(1564970588159533057,1397849739276890114,'甜味','[\"无糖\",\"少糖\",\"半糖\",\"多糖\",\"全糖\"]','2022-08-31 21:37:19','2022-08-31 21:37:19',1,1,0),(1565684929427054594,1565684929414471682,'辣度','[\"不辣\",\"微辣\",\"中辣\",\"重辣\"]','2022-09-02 20:55:51','2022-09-02 20:55:51',1,1,0),(1565690994721988609,1565690994688434178,'温度','[\"热饮\",\"常温\",\"去冰\",\"少冰\",\"多冰\"]','2022-09-02 21:19:57','2022-09-02 21:19:57',1,1,0),(1565691639713669122,1565691639671726082,'忌口','[\"不要葱\",\"不要蒜\",\"不要香菜\",\"不要辣\"]','2022-09-02 21:22:31','2022-09-02 21:22:31',1,1,0),(1565691639713669123,1565691639671726082,'辣度','[\"不辣\",\"微辣\",\"中辣\",\"重辣\"]','2022-09-02 21:22:31','2022-09-02 21:22:31',1,1,0),(1565692717792403458,1565692717792403457,'忌口','[\"不要葱\",\"不要蒜\",\"不要香菜\",\"不要辣\"]','2022-09-02 21:26:48','2022-09-02 21:26:48',1,1,0),(1565692717800792065,1565692717792403457,'辣度','[\"不辣\",\"微辣\",\"中辣\",\"重辣\"]','2022-09-02 21:26:48','2022-09-02 21:26:48',1,1,0);
/*!40000 ALTER TABLE `dish_flavor` ENABLE KEYS */;
UNLOCK TABLES;

--
-- Table structure for table `employee`
--

DROP TABLE IF EXISTS `employee`;
/*!40101 SET @saved_cs_client     = @@character_set_client */;
/*!50503 SET character_set_client = utf8mb4 */;
CREATE TABLE `employee` (
  `id` bigint NOT NULL AUTO_INCREMENT COMMENT '主键',
  `name` varchar(32) CHARACTER SET utf8 COLLATE utf8_bin NOT NULL COMMENT '姓名',
  `username` varchar(32) CHARACTER SET utf8 COLLATE utf8_bin NOT NULL COMMENT '用户名',
  `password` varchar(64) CHARACTER SET utf8 COLLATE utf8_bin NOT NULL COMMENT '密码',
  `phone` varchar(11) CHARACTER SET utf8 COLLATE utf8_bin NOT NULL COMMENT '手机号',
  `sex` varchar(2) CHARACTER SET utf8 COLLATE utf8_bin NOT NULL COMMENT '性别',
  `id_number` varchar(18) CHARACTER SET utf8 COLLATE utf8_bin NOT NULL COMMENT '身份证号',
  `status` int NOT NULL DEFAULT '1' COMMENT '状态 0:禁用，1:正常',
  `create_time` datetime NOT NULL COMMENT '创建时间',
  `update_time` datetime NOT NULL COMMENT '更新时间',
  `create_user` bigint NOT NULL COMMENT '创建人',
  `update_user` bigint NOT NULL COMMENT '修改人',
  PRIMARY KEY (`id`) USING BTREE,
  UNIQUE KEY `idx_username` (`username`)
) ENGINE=InnoDB AUTO_INCREMENT=1564095946188296194 DEFAULT CHARSET=utf8 COLLATE=utf8_bin COMMENT='员工信息';
/*!40101 SET character_set_client = @saved_cs_client */;

--
-- Dumping data for table `employee`
--

LOCK TABLES `employee` WRITE;
/*!40000 ALTER TABLE `employee` DISABLE KEYS */;
INSERT INTO `employee` VALUES (1,'管理员','admin','e10adc3949ba59abbe56e057f20f883e','13812312312','1','110101199001010047',1,'2021-05-06 17:20:07','2021-05-10 02:24:09',1,1),(1563433534862860290,'张三','zhangsan','e10adc3949ba59abbe56e057f20f883e','17312345678','1','111122223333444455',1,'2022-08-27 15:49:37','2022-08-27 21:15:42',1,1),(1563439828864835586,'李四','lisi','e10adc3949ba59abbe56e057f20f883e','17312345678','0','111122223333444455',1,'2022-08-27 16:14:37','2022-08-27 21:24:57',1,1),(1563477256174530561,'小曾','test1','e10adc3949ba59abbe56e057f20f883e','17312345678','1','111122223333444455',1,'2022-08-27 18:43:21','2022-08-28 12:20:32',1,1563433534862860290),(1563484719623880705,'小李','test2','e10adc3949ba59abbe56e057f20f883e','17312345678','0','111122223333444455',1,'2022-08-27 19:13:00','2022-08-28 11:52:43',1,1),(1563484961811382274,'王五','test3','e10adc3949ba59abbe56e057f20f883e','17312345678','1','111122223333444455',1,'2022-08-27 19:13:58','2022-08-27 21:51:20',1,1),(1563736136750198785,'小王','test5','e10adc3949ba59abbe56e057f20f883e','17312312312','1','111122223333444455',1,'2022-08-28 11:52:02','2022-08-28 11:52:02',1,1),(1564095946188296193,'小温','test22','e10adc3949ba59abbe56e057f20f883e','17312345678','0','111122223333444455',1,'2022-08-29 11:41:48','2022-08-30 23:18:02',1,1);
/*!40000 ALTER TABLE `employee` ENABLE KEYS */;
UNLOCK TABLES;

--
-- Table structure for table `order_detail`
--

DROP TABLE IF EXISTS `order_detail`;
/*!40101 SET @saved_cs_client     = @@character_set_client */;
/*!50503 SET character_set_client = utf8mb4 */;
CREATE TABLE `order_detail` (
  `id` bigint NOT NULL COMMENT '主键',
  `name` varchar(50) CHARACTER SET utf8 COLLATE utf8_bin DEFAULT NULL COMMENT '名字',
  `image` varchar(100) CHARACTER SET utf8 COLLATE utf8_bin DEFAULT NULL COMMENT '图片',
  `order_id` bigint NOT NULL COMMENT '订单id',
  `dish_id` bigint DEFAULT NULL COMMENT '菜品id',
  `setmeal_id` bigint DEFAULT NULL COMMENT '套餐id',
  `dish_flavor` varchar(50) CHARACTER SET utf8 COLLATE utf8_bin DEFAULT NULL COMMENT '口味',
  `number` int NOT NULL DEFAULT '1' COMMENT '数量',
  `amount` decimal(10,2) NOT NULL COMMENT '金额',
  PRIMARY KEY (`id`) USING BTREE
) ENGINE=InnoDB DEFAULT CHARSET=utf8 COLLATE=utf8_bin COMMENT='订单明细表';
/*!40101 SET character_set_client = @saved_cs_client */;

--
-- Dumping data for table `order_detail`
--

LOCK TABLES `order_detail` WRITE;
/*!40000 ALTER TABLE `order_detail` DISABLE KEYS */;
INSERT INTO `order_detail` VALUES (1565288783944810497,'辣子鸡','607ef912-04ab-4aaa-8ec8-c26100bb3ae3.jpg',1565288124067545089,1397849739276890114,NULL,'不要蒜,微辣,常温,全糖',5,78.00),(1565288783978364929,'儿童套餐A计划','ef685db8-7cfe-4f77-96bb-5da0a79a78c2.jpeg',1565288124067545089,NULL,1415580119015145474,NULL,4,40.00),(1565288784007725058,'北冰洋','3f5e52b5-404b-44d8-9694-bacde92c3f01.png',1565288124067545089,1413342036832100354,NULL,'冷藏',1,5.00),(1565288784024502273,'王老吉','4e80f0c1-a9b7-4e85-a5bd-406a091d104f.png',1565288124067545089,1413384757047271425,NULL,'冷藏,无糖',1,3.00),(1565288784041279490,'米饭','484fc81c-95e4-4ac7-8d5d-72852407abcb.png',1565288124067545089,1413385247889891330,NULL,NULL,3,2.00),(1565288784083222530,'脆皮乳鸽','d07173f0-50ea-41e5-af10-25d6dd15b8af.jpg',1565288124067545089,1397860963880316929,NULL,'重辣',1,108.00),(1565290330481168385,'鱼香肉丝','ce5e6e14-e045-49f4-9001-0c4ab3018034.jpg',1565290576175108097,1397853890262118402,NULL,'重辣',1,38.00),(1565290346599878657,'麻辣水煮鱼','40b58159-473c-4a66-b0d6-d67c09442ded.jpg',1565290576175108097,1397854652581064706,NULL,'不要香菜,重辣',1,148.00),(1565290381265801217,'小龙虾','b120a450-fea3-4b73-ae2a-100ae200316a.jpeg',1565290576175108097,1564160326150053890,NULL,'不要香菜,重辣',1,100.00),(1565290414119784449,'炸鸡汉堡','7f1bbe8b-dd61-4e48-96b7-f98ebfb4a865.jpg',1565290576175108097,NULL,1564564219296190466,NULL,1,168.00),(1565350206838317057,'辣子鸡','607ef912-04ab-4aaa-8ec8-c26100bb3ae3.jpg',1565350179587923969,1397849739276890114,NULL,'不要蒜,重辣,常温,多糖',1,78.00),(1565350206842511362,'毛氏红烧肉','c44d8e8c-29de-41b9-8a64-c6ec17e3561e.jpg',1565350179587923969,1397850140982161409,NULL,'不要香菜,中辣',1,68.00),(1565350206842511363,'全家福','155e77d8-237b-4624-abe3-d13ca294bcff.jpg',1565350179587923969,1397851099502260226,NULL,'不要香菜,中辣',1,118.00),(1565350206842511364,'儿童套餐A计划','ef685db8-7cfe-4f77-96bb-5da0a79a78c2.jpeg',1565350179587923969,NULL,1415580119015145474,NULL,1,40.00),(1565350206842511365,'王老吉','4e80f0c1-a9b7-4e85-a5bd-406a091d104f.png',1565350179587923969,1413384757047271425,NULL,'冷藏,多糖',1,3.00),(1565350206842511366,'米饭','484fc81c-95e4-4ac7-8d5d-72852407abcb.png',1565350179587923969,1413385247889891330,NULL,NULL,3,2.00),(1565695376222048257,'小炒黄牛肉','676381a2-ad98-400d-b3d1-87d13d9cd60b.jpg',1565695376167522306,1565692717792403457,NULL,'不要蒜,重辣',1,68.00),(1565695376230436866,'辣子鸡','607ef912-04ab-4aaa-8ec8-c26100bb3ae3.jpg',1565695376167522306,1397849739276890114,NULL,'不要香菜,中辣,去冰,多糖',4,78.00),(1565695376230436867,'双堡三人餐脆皮鸡可','0f51ad79-e152-419b-8da2-29b6d5e41172.jpg',1565695376167522306,1565688434988589057,NULL,NULL,3,97.50),(1565695376230436868,'外送全家桶','75d36ae6-2571-4ee6-8870-cbffa5b34c33.jpg',1565695376167522306,NULL,1565687275578105858,NULL,3,96.00),(1565695376230436869,'百事可乐','e6be9f50-7245-4dc0-b0f4-2e7e442bab44.jpg',1565695376167522306,1565690994688434178,NULL,'多冰',1,5.00),(1565695376230436870,'米饭','484fc81c-95e4-4ac7-8d5d-72852407abcb.png',1565695376167522306,1413385247889891330,NULL,NULL,3,2.00),(1565696548429352962,'双堡三人餐脆皮鸡可','0f51ad79-e152-419b-8da2-29b6d5e41172.jpg',1565696548420964353,1565688434988589057,NULL,NULL,4,97.50),(1565734728792715265,'小炒黄牛肉','676381a2-ad98-400d-b3d1-87d13d9cd60b.jpg',1565734728721412097,1565692717792403457,NULL,'不要香菜,重辣',1,68.00),(1565734728792715266,'双堡三人餐脆皮鸡可','0f51ad79-e152-419b-8da2-29b6d5e41172.jpg',1565734728721412097,1565688434988589057,NULL,NULL,3,97.50),(1565734728792715267,'川辣嫩牛卷人气餐','4ca76e20-b3d9-4ee6-9927-11a874da2877.jpg',1565734728721412097,1565688141542498305,NULL,NULL,3,6.00),(1565734728792715268,'红豆派','3ffc5c9f-1f1d-4a42-ad51-537dcf3d80d5.jpg',1565734728721412097,1565686674710503426,NULL,NULL,2,7.00),(1565927338425581569,'双堡三人餐脆皮鸡可','0f51ad79-e152-419b-8da2-29b6d5e41172.jpg',1565927338345889793,1565688434988589057,NULL,NULL,2,97.50),(1565927338433970178,'百事可乐','e6be9f50-7245-4dc0-b0f4-2e7e442bab44.jpg',1565927338345889793,1565690994688434178,NULL,'少冰',2,5.00),(1565927338433970179,'米饭','484fc81c-95e4-4ac7-8d5d-72852407abcb.png',1565927338345889793,1413385247889891330,NULL,NULL,4,2.00),(1565999464998469634,'辣子鸡','607ef912-04ab-4aaa-8ec8-c26100bb3ae3.jpg',1565999464956526593,1397849739276890114,NULL,'不要蒜,重辣,常温,多糖',1,78.00),(1565999465006858242,'毛氏红烧肉','c44d8e8c-29de-41b9-8a64-c6ec17e3561e.jpg',1565999464956526593,1397850140982161409,NULL,'不要香菜,中辣',1,68.00),(1565999465006858243,'全家福','155e77d8-237b-4624-abe3-d13ca294bcff.jpg',1565999464956526593,1397851099502260226,NULL,'不要香菜,中辣',1,118.00),(1565999465006858244,'儿童套餐A计划','ef685db8-7cfe-4f77-96bb-5da0a79a78c2.jpeg',1565999464956526593,NULL,1415580119015145474,NULL,1,40.00),(1565999465015246849,'王老吉','4e80f0c1-a9b7-4e85-a5bd-406a091d104f.png',1565999464956526593,1413384757047271425,NULL,'冷藏,多糖',1,3.00),(1565999465015246850,'米饭','484fc81c-95e4-4ac7-8d5d-72852407abcb.png',1565999464956526593,1413385247889891330,NULL,NULL,3,2.00);
/*!40000 ALTER TABLE `order_detail` ENABLE KEYS */;
UNLOCK TABLES;

--
-- Table structure for table `orders`
--

DROP TABLE IF EXISTS `orders`;
/*!40101 SET @saved_cs_client     = @@character_set_client */;
/*!50503 SET character_set_client = utf8mb4 */;
CREATE TABLE `orders` (
  `id` bigint NOT NULL COMMENT '主键',
  `number` varchar(50) CHARACTER SET utf8 COLLATE utf8_bin DEFAULT NULL COMMENT '订单号',
  `status` int NOT NULL DEFAULT '1' COMMENT '订单状态 1待付款，2待派送，3已派送，4已完成，5已取消',
  `user_id` bigint NOT NULL COMMENT '下单用户',
  `address_book_id` bigint NOT NULL COMMENT '地址id',
  `order_time` datetime NOT NULL COMMENT '下单时间',
  `checkout_time` datetime NOT NULL COMMENT '结账时间',
  `pay_method` int NOT NULL DEFAULT '1' COMMENT '支付方式 1微信,2支付宝',
  `amount` decimal(10,2) NOT NULL COMMENT '实收金额',
  `remark` varchar(100) CHARACTER SET utf8 COLLATE utf8_bin DEFAULT NULL COMMENT '备注',
  `phone` varchar(255) CHARACTER SET utf8 COLLATE utf8_bin DEFAULT NULL,
  `address` varchar(255) CHARACTER SET utf8 COLLATE utf8_bin DEFAULT NULL,
  `user_name` varchar(255) CHARACTER SET utf8 COLLATE utf8_bin DEFAULT NULL,
  `consignee` varchar(255) CHARACTER SET utf8 COLLATE utf8_bin DEFAULT NULL,
  PRIMARY KEY (`id`) USING BTREE
) ENGINE=InnoDB DEFAULT CHARSET=utf8 COLLATE=utf8_bin COMMENT='订单表';
/*!40101 SET character_set_client = @saved_cs_client */;

--
-- Dumping data for table `orders`
--

LOCK TABLES `orders` WRITE;
/*!40000 ALTER TABLE `orders` DISABLE KEYS */;
INSERT INTO `orders` VALUES (1565288124067545089,'1565288124067545089',2,1564906022260133890,1564916337056071682,'2022-09-01 18:40:38','2022-09-01 18:40:40',1,672.00,'好吃！','13912345679','湖南省深圳市','小明','小明'),(1565290576175108097,'1565290576175108097',1,1564906022260133890,1564916337056071682,'2022-09-01 18:51:22','2022-09-01 18:51:22',1,454.00,'','13912345679','湖南省深圳市','小明','小明'),(1565350179587923969,'1565350179587923969',4,1564906022260133890,1564916337056071682,'2022-09-01 22:45:47','2022-09-01 22:45:47',1,313.00,'','13912345679','湖南省深圳市','小明','小明'),(1565695376167522306,'1565695376167522306',3,1565695042246397953,1565695338112602113,'2022-09-02 21:37:22','2022-09-02 21:37:22',1,971.00,'','15999999999','石盖塘','王','王'),(1565696548420964353,'1565696548420964353',2,1564906022260133890,1564916337056071682,'2022-09-02 21:42:01','2022-09-02 21:42:01',1,390.00,'','13912345679','湖南省深圳市','小明','小明'),(1565734728721412097,'1565734728721412097',5,1565202593174499330,1565734704151179266,'2022-09-03 00:13:44','2022-09-03 00:13:44',1,392.00,'','13912345678','石盖塘','王','王'),(1565927338345889793,'1565927338345889793',5,1564906022260133890,1565735906024796162,'2022-09-03 12:59:06','2022-09-03 12:59:06',1,213.00,'','17312345678','石盖塘',NULL,'王'),(1565999464956526593,'1565999464956526593',3,1564906022260133890,1565735906024796162,'2022-09-03 17:45:42','2022-09-03 17:45:42',1,313.00,'快点送到','17312345678','石盖塘',NULL,'王');
/*!40000 ALTER TABLE `orders` ENABLE KEYS */;
UNLOCK TABLES;

--
-- Table structure for table `setmeal`
--

DROP TABLE IF EXISTS `setmeal`;
/*!40101 SET @saved_cs_client     = @@character_set_client */;
/*!50503 SET character_set_client = utf8mb4 */;
CREATE TABLE `setmeal` (
  `id` bigint NOT NULL COMMENT '主键',
  `category_id` bigint NOT NULL COMMENT '菜品分类id',
  `name` varchar(64) CHARACTER SET utf8 COLLATE utf8_bin NOT NULL COMMENT '套餐名称',
  `price` decimal(10,2) NOT NULL COMMENT '套餐价格',
  `status` int DEFAULT NULL COMMENT '状态 0:停用 1:启用',
  `code` varchar(32) CHARACTER SET utf8 COLLATE utf8_bin DEFAULT NULL COMMENT '编码',
  `description` varchar(512) CHARACTER SET utf8 COLLATE utf8_bin DEFAULT NULL COMMENT '描述信息',
  `image` varchar(255) CHARACTER SET utf8 COLLATE utf8_bin DEFAULT NULL COMMENT '图片',
  `create_time` datetime NOT NULL COMMENT '创建时间',
  `update_time` datetime NOT NULL COMMENT '更新时间',
  `create_user` bigint NOT NULL COMMENT '创建人',
  `update_user` bigint NOT NULL COMMENT '修改人',
  `is_deleted` int NOT NULL DEFAULT '0' COMMENT '是否删除',
  PRIMARY KEY (`id`) USING BTREE,
  UNIQUE KEY `idx_setmeal_name` (`name`)
) ENGINE=InnoDB DEFAULT CHARSET=utf8 COLLATE=utf8_bin COMMENT='套餐';
/*!40101 SET character_set_client = @saved_cs_client */;

--
-- Dumping data for table `setmeal`
--

LOCK TABLES `setmeal` WRITE;
/*!40000 ALTER TABLE `setmeal` DISABLE KEYS */;
INSERT INTO `setmeal` VALUES (1415580119015145474,1413386191767674881,'儿童套餐A计划',4000.00,1,'','六一儿童节快乐！','ef685db8-7cfe-4f77-96bb-5da0a79a78c2.jpeg','2021-07-15 15:52:55','2022-09-03 11:57:36',1415576781934608386,1,0),(1565683761313390594,1564096702886875138,'黄金脆皮鸡6块装',6500.00,1,'','','0f5fcafe-7a2e-491b-853b-3a6aa7d31d5c.jpg','2022-09-02 20:51:12','2022-09-03 11:57:36',1,1,0),(1565684650027687937,1564096702886875138,'10块辣翅',5200.00,1,'','','8aa321f3-676e-4312-8a87-b4d957e7408d.jpg','2022-09-02 20:54:44','2022-09-03 11:57:36',1,1,0),(1565687275578105858,1564096702886875138,'外送全家桶',9600.00,1,'','','75d36ae6-2571-4ee6-8870-cbffa5b34c33.jpg','2022-09-02 21:05:10','2022-09-03 11:57:36',1,1,0),(1565687816727207937,1564096702886875138,'双堡三人餐',9750.00,1,'','','de6d1619-24f9-4a9b-851b-97e8acfb15c2.jpg','2022-09-02 21:07:19','2022-09-03 11:57:36',1,1,0),(1565688934312091649,1564096702886875138,'卷堡双人餐',6900.00,1,'','香辣鸡腿堡1个+老北京鸡肉卷1个+香辣鸡翅2块+新奥尔良烤翅2块+葡式蛋挞（经典）1个+红豆派1只+可乐（中）2杯','2b419f45-2c29-45e7-8c4c-49168b08b9f2.jpg','2022-09-02 21:11:46','2022-09-03 11:57:36',1,1,0),(1565689620282122241,1564096702886875138,'双堡三人餐可乐',9750.00,1,'','香辣鸡腿堡1个+新奥尔良烤鸡腿堡1个+老北京鸡肉卷1个+吮指原味鸡2块+4块香辣鸡翅+2块新奥尔良烤翅+葡式蛋挞(经典)3个+百事可乐1.25L1瓶','2b7838e1-56e3-47f1-96ea-83fadfea6d84.jpg','2022-09-02 21:14:29','2022-09-03 11:57:36',1,1,0),(1565689978786062337,1413386191767674881,'童书套餐黄金鸡块',3500.00,1,'','黄金鸡块5块+波纹霸王薯条（中）1份+九珍果汁饮料1杯；买就得图书1册（图书及包装以实际派送为准）','abcf5f9d-ad7f-47f9-8d4a-e1e47adca9da.jpg','2022-09-02 21:15:55','2022-09-03 11:57:36',1,1,0),(1565690294097059842,1413386191767674881,'童书套餐-亲子桶',7850.00,1,'','劲脆/香辣鸡腿堡1份+黄金鸡块5块+波纹霸王薯条（中）1份+葡式蛋挞（经典）1个+九珍果汁饮料2杯；买就得图书4册（图片及包装以实际派送为准）','221714fa-cbaf-4d0a-885c-47db694a835b.jpg','2022-09-02 21:17:10','2022-09-03 11:57:36',1,1,0);
/*!40000 ALTER TABLE `setmeal` ENABLE KEYS */;
UNLOCK TABLES;

--
-- Table structure for table `setmeal_dish`
--

DROP TABLE IF EXISTS `setmeal_dish`;
/*!40101 SET @saved_cs_client     = @@character_set_client */;
/*!50503 SET character_set_client = utf8mb4 */;
CREATE TABLE `setmeal_dish` (
  `id` bigint NOT NULL COMMENT '主键',
  `setmeal_id` varchar(32) CHARACTER SET utf8 COLLATE utf8_bin NOT NULL COMMENT '套餐id ',
  `dish_id` varchar(32) CHARACTER SET utf8 COLLATE utf8_bin NOT NULL COMMENT '菜品id',
  `name` varchar(32) CHARACTER SET utf8 COLLATE utf8_bin DEFAULT NULL COMMENT '菜品名称 （冗余字段）',
  `price` decimal(10,2) DEFAULT NULL COMMENT '菜品原价（冗余字段）',
  `copies` int NOT NULL COMMENT '份数',
  `sort` int NOT NULL DEFAULT '0' COMMENT '排序',
  `create_time` datetime NOT NULL COMMENT '创建时间',
  `update_time` datetime NOT NULL COMMENT '更新时间',
  `create_user` bigint NOT NULL COMMENT '创建人',
  `update_user` bigint NOT NULL COMMENT '修改人',
  `is_deleted` int NOT NULL DEFAULT '0' COMMENT '是否删除',
  PRIMARY KEY (`id`) USING BTREE
) ENGINE=InnoDB DEFAULT CHARSET=utf8 COLLATE=utf8_bin COMMENT='套餐菜品关系';
/*!40101 SET character_set_client = @saved_cs_client */;

--
-- Dumping data for table `setmeal_dish`
--

LOCK TABLES `setmeal_dish` WRITE;
/*!40000 ALTER TABLE `setmeal_dish` DISABLE KEYS */;
INSERT INTO `setmeal_dish` VALUES (1564610007602769921,'1415580119015145474','1397862198033297410','老火靓汤',49800.00,1,0,'2022-08-30 21:44:30','2022-08-30 21:44:30',1,1,0),(1564610007615352833,'1415580119015145474','1413342036832100354','北冰洋',500.00,1,0,'2022-08-30 21:44:30','2022-08-30 21:44:30',1,1,0),(1564610007623741441,'1415580119015145474','1413385247889891330','米饭',200.00,1,0,'2022-08-30 21:44:30','2022-08-30 21:44:30',1,1,0),(1565683761321779202,'1565683761313390594','1565683397210054657','黄金脆皮鸡',1350.00,6,0,'2022-09-02 20:51:12','2022-09-02 20:51:12',1,1,0),(1565684650040270850,'1565684650027687937','1565684492435103746','香辣鸡翅',1200.00,5,0,'2022-09-02 20:54:44','2022-09-02 20:54:44',1,1,0),(1565687275586494465,'1565687275578105858','1565682203062345730','吮指原味鸡',1300.00,5,0,'2022-09-02 21:05:10','2022-09-02 21:05:10',1,1,0),(1565687275594883073,'1565687275578105858','1565684492435103746','香辣鸡翅',1200.00,6,0,'2022-09-02 21:05:10','2022-09-02 21:05:10',1,1,0),(1565687275594883074,'1565687275578105858','1565685488947208193','香甜粟米棒',950.00,1,0,'2022-09-02 21:05:10','2022-09-02 21:05:10',1,1,0),(1565687275603271682,'1565687275578105858','1565683397210054657','黄金脆皮鸡',1350.00,1,0,'2022-09-02 21:05:10','2022-09-02 21:05:10',1,1,0),(1565687816764956673,'1565687816727207937','1565685858528305154','香辣鸡腿堡',1950.00,1,0,'2022-09-02 21:07:19','2022-09-02 21:07:19',1,1,0),(1565687816769150978,'1565687816727207937','1565685970470084610','新奥尔良烤鸡腿堡',2050.00,1,0,'2022-09-02 21:07:19','2022-09-02 21:07:19',1,1,0),(1565687816769150979,'1565687816727207937','1565686079861727234','老北京鸡肉卷',1850.00,1,0,'2022-09-02 21:07:19','2022-09-02 21:07:19',1,1,0),(1565687816769150980,'1565687816727207937','1565682203062345730','吮指原味鸡',1300.00,2,0,'2022-09-02 21:07:19','2022-09-02 21:07:19',1,1,0),(1565687816769150981,'1565687816727207937','1565684492435103746','香辣鸡翅',1200.00,2,0,'2022-09-02 21:07:19','2022-09-02 21:07:19',1,1,0),(1565687816769150982,'1565687816727207937','1565682735512461314','新奥尔良烤翅',1350.00,2,0,'2022-09-02 21:07:19','2022-09-02 21:07:19',1,1,0),(1565687816769150983,'1565687816727207937','1565686366198472705','葡式蛋挞经典6只装',4200.00,1,0,'2022-09-02 21:07:19','2022-09-02 21:07:19',1,1,0),(1565688934328868866,'1565688934312091649','1565686079861727234','老北京鸡肉卷',1850.00,1,0,'2022-09-02 21:11:46','2022-09-02 21:11:46',1,1,0),(1565688934328868867,'1565688934312091649','1565685858528305154','香辣鸡腿堡',1950.00,1,0,'2022-09-02 21:11:46','2022-09-02 21:11:46',1,1,0),(1565688934328868868,'1565688934312091649','1565684492435103746','香辣鸡翅',1200.00,1,0,'2022-09-02 21:11:46','2022-09-02 21:11:46',1,1,0),(1565688934337257473,'1565688934312091649','1565682735512461314','新奥尔良烤翅',1350.00,1,0,'2022-09-02 21:11:46','2022-09-02 21:11:46',1,1,0),(1565688934337257474,'1565688934312091649','1565686674710503426','红豆派',700.00,1,0,'2022-09-02 21:11:46','2022-09-02 21:11:46',1,1,0),(1565688934337257475,'1565688934312091649','1565686366198472705','葡式蛋挞经典6只装',4200.00,1,0,'2022-09-02 21:11:46','2022-09-02 21:11:46',1,1,0),(1565689620290510850,'1565689620282122241','1565685858528305154','香辣鸡腿堡',1950.00,1,0,'2022-09-02 21:14:29','2022-09-02 21:14:29',1,1,0),(1565689620290510851,'1565689620282122241','1565685970470084610','新奥尔良烤鸡腿堡',2050.00,1,0,'2022-09-02 21:14:29','2022-09-02 21:14:29',1,1,0),(1565689620290510852,'1565689620282122241','1565686079861727234','老北京鸡肉卷',1850.00,1,0,'2022-09-02 21:14:29','2022-09-02 21:14:29',1,1,0),(1565689620294705154,'1565689620282122241','1565682203062345730','吮指原味鸡',1300.00,2,0,'2022-09-02 21:14:29','2022-09-02 21:14:29',1,1,0),(1565689620294705155,'1565689620282122241','1565684492435103746','香辣鸡翅',1200.00,2,0,'2022-09-02 21:14:29','2022-09-02 21:14:29',1,1,0),(1565689620294705156,'1565689620282122241','1565682735512461314','新奥尔良烤翅',1350.00,1,0,'2022-09-02 21:14:29','2022-09-02 21:14:29',1,1,0),(1565689620294705157,'1565689620282122241','1565686366198472705','葡式蛋挞经典6只装',4200.00,1,0,'2022-09-02 21:14:29','2022-09-02 21:14:29',1,1,0),(1565689978802839554,'1565689978786062337','1565685074017296385','黄金鸡块(5块)',1200.00,1,0,'2022-09-02 21:15:55','2022-09-02 21:15:55',1,1,0),(1565689978802839555,'1565689978786062337','1565685199892553730','波纹薯条',1300.00,1,0,'2022-09-02 21:15:55','2022-09-02 21:15:55',1,1,0),(1565690294105448450,'1565690294097059842','1565685858528305154','香辣鸡腿堡',1950.00,1,0,'2022-09-02 21:17:10','2022-09-02 21:17:10',1,1,0),(1565690294113837057,'1565690294097059842','1565685074017296385','黄金鸡块(5块)',1200.00,1,0,'2022-09-02 21:17:10','2022-09-02 21:17:10',1,1,0),(1565690294113837058,'1565690294097059842','1565685199892553730','波纹薯条',1300.00,1,0,'2022-09-02 21:17:10','2022-09-02 21:17:10',1,1,0),(1565690294113837059,'1565690294097059842','1565686366198472705','葡式蛋挞经典6只装',4200.00,1,0,'2022-09-02 21:17:10','2022-09-02 21:17:10',1,1,0);
/*!40000 ALTER TABLE `setmeal_dish` ENABLE KEYS */;
UNLOCK TABLES;

--
-- Table structure for table `shopping_cart`
--

DROP TABLE IF EXISTS `shopping_cart`;
/*!40101 SET @saved_cs_client     = @@character_set_client */;
/*!50503 SET character_set_client = utf8mb4 */;
CREATE TABLE `shopping_cart` (
  `id` bigint NOT NULL COMMENT '主键',
  `name` varchar(50) CHARACTER SET utf8 COLLATE utf8_bin DEFAULT NULL COMMENT '名称',
  `image` varchar(100) CHARACTER SET utf8 COLLATE utf8_bin DEFAULT NULL COMMENT '图片',
  `user_id` bigint NOT NULL COMMENT '主键',
  `dish_id` bigint DEFAULT NULL COMMENT '菜品id',
  `setmeal_id` bigint DEFAULT NULL COMMENT '套餐id',
  `dish_flavor` varchar(50) CHARACTER SET utf8 COLLATE utf8_bin DEFAULT NULL COMMENT '口味',
  `number` int NOT NULL DEFAULT '1' COMMENT '数量',
  `amount` decimal(10,2) NOT NULL COMMENT '单价',
  `create_time` datetime DEFAULT NULL COMMENT '创建时间',
  PRIMARY KEY (`id`) USING BTREE
) ENGINE=InnoDB DEFAULT CHARSET=utf8 COLLATE=utf8_bin COMMENT='购物车';
/*!40101 SET character_set_client = @saved_cs_client */;

--
-- Dumping data for table `shopping_cart`
--

LOCK TABLES `shopping_cart` WRITE;
/*!40000 ALTER TABLE `shopping_cart` DISABLE KEYS */;
INSERT INTO `shopping_cart` VALUES (1565203694804148226,'儿童套餐A计划','ef685db8-7cfe-4f77-96bb-5da0a79a78c2.jpeg',1565203656627593217,NULL,1415580119015145474,NULL,1,40.00,'2022-09-01 13:03:36'),(1565203713124868098,'辣子鸡','607ef912-04ab-4aaa-8ec8-c26100bb3ae3.jpg',1565203656627593217,1397849739276890114,NULL,NULL,2,78.00,'2022-09-01 13:03:40'),(1565203860604985345,'毛氏红烧肉','c44d8e8c-29de-41b9-8a64-c6ec17e3561e.jpg',1565203656627593217,1397850140982161409,NULL,'不要蒜,中辣',1,68.00,'2022-09-01 13:04:15'),(1565256274636890113,'毛氏红烧肉','c44d8e8c-29de-41b9-8a64-c6ec17e3561e.jpg',1565254818286465025,1397850140982161409,NULL,'不要香菜,中辣',1,68.00,'2022-09-01 16:32:32'),(1565256289878990850,'组庵鱼翅','7c02bbf4-0cc9-447b-83e6-9627b067b6d5.jpeg',1565254818286465025,1397850392090947585,NULL,'中辣,微辣',1,48.00,'2022-09-01 16:32:35'),(1565256316047253505,'鱼香炒鸡蛋','788ed192-6cd4-4cab-b900-8f2bafcde293.jpg',1565254818286465025,1397854865672679425,NULL,'重辣',1,20.00,'2022-09-01 16:32:41'),(1565256325224390658,'儿童套餐A计划','ef685db8-7cfe-4f77-96bb-5da0a79a78c2.jpeg',1565254818286465025,NULL,1415580119015145474,NULL,5,40.00,'2022-09-01 16:32:44'),(1565256338528722946,'炸鸡汉堡','7f1bbe8b-dd61-4e48-96b7-f98ebfb4a865.jpg',1565254818286465025,NULL,1564564219296190466,NULL,3,168.00,'2022-09-01 16:32:47'),(1565256354764873729,'北冰洋','3f5e52b5-404b-44d8-9694-bacde92c3f01.png',1565254818286465025,1413342036832100354,NULL,'冷藏',1,5.00,'2022-09-01 16:32:51'),(1565256412390416386,'米饭','484fc81c-95e4-4ac7-8d5d-72852407abcb.png',1565254818286465025,1413385247889891330,NULL,NULL,4,2.00,'2022-09-01 16:33:04');
/*!40000 ALTER TABLE `shopping_cart` ENABLE KEYS */;
UNLOCK TABLES;

--
-- Table structure for table `user`
--

DROP TABLE IF EXISTS `user`;
/*!40101 SET @saved_cs_client     = @@character_set_client */;
/*!50503 SET character_set_client = utf8mb4 */;
CREATE TABLE `user` (
  `id` bigint NOT NULL COMMENT '主键',
  `name` varchar(50) CHARACTER SET utf8 COLLATE utf8_bin DEFAULT NULL COMMENT '姓名',
  `phone` varchar(100) CHARACTER SET utf8 COLLATE utf8_bin NOT NULL COMMENT '手机号',
  `sex` varchar(2) CHARACTER SET utf8 COLLATE utf8_bin DEFAULT NULL COMMENT '性别',
  `id_number` varchar(18) CHARACTER SET utf8 COLLATE utf8_bin DEFAULT NULL COMMENT '身份证号',
  `avatar` varchar(500) CHARACTER SET utf8 COLLATE utf8_bin DEFAULT NULL COMMENT '头像',
  `status` int DEFAULT '1' COMMENT '状态 0:禁用，1:正常',
  PRIMARY KEY (`id`) USING BTREE
) ENGINE=InnoDB DEFAULT CHARSET=utf8 COLLATE=utf8_bin COMMENT='用户信息';
/*!40101 SET character_set_client = @saved_cs_client */;

--
-- Dumping data for table `user`
--

LOCK TABLES `user` WRITE;
/*!40000 ALTER TABLE `user` DISABLE KEYS */;
INSERT INTO `user` VALUES (1564906022260133890,'菜鸟用户_1564906022260133890','17312345678','1',NULL,NULL,1),(1565202593174499330,NULL,'13912345678',NULL,NULL,NULL,1),(1565203656627593217,NULL,'15912345678',NULL,NULL,NULL,1),(1565254818286465025,NULL,'15512345678',NULL,NULL,NULL,1),(1565257422794100737,NULL,'13512345677',NULL,NULL,NULL,1),(1565693317007450114,NULL,'15612345678',NULL,NULL,NULL,1),(1565693917757612034,NULL,'13812345678',NULL,NULL,NULL,1),(1565694268611219458,NULL,'15504031234',NULL,NULL,NULL,1),(1565695042246397953,NULL,'15999999999',NULL,NULL,NULL,1);
/*!40000 ALTER TABLE `user` ENABLE KEYS */;
UNLOCK TABLES;

--
-- Dumping routines for database 'rookie'
--
/*!40103 SET TIME_ZONE=@OLD_TIME_ZONE */;

/*!40101 SET SQL_MODE=@OLD_SQL_MODE */;
/*!40014 SET FOREIGN_KEY_CHECKS=@OLD_FOREIGN_KEY_CHECKS */;
/*!40014 SET UNIQUE_CHECKS=@OLD_UNIQUE_CHECKS */;
/*!40101 SET CHARACTER_SET_CLIENT=@OLD_CHARACTER_SET_CLIENT */;
/*!40101 SET CHARACTER_SET_RESULTS=@OLD_CHARACTER_SET_RESULTS */;
/*!40101 SET COLLATION_CONNECTION=@OLD_COLLATION_CONNECTION */;
/*!40111 SET SQL_NOTES=@OLD_SQL_NOTES */;

-- Dump completed on 2022-09-03 18:07:52
